Extracted file,Source corpus,Source text,Split (train/dev/test),File duration (sec),Run,Issues,,audio segment level,,
yrk_thea_MapTask_001_seg003.wav,ThEA,yrk_thea_MapTask_001.wav,dev,"2,42",NA,,,Run: starting from which training run the file was used,,
yrk_thea_MapTask_001_seg020.wav,ThEA,yrk_thea_MapTask_001.wav,dev,"2,7",NA,,,,,
yrk_thea_MapTask_002_seg026.wav,ThEA,yrk_thea_MapTask_002.wav,dev,"3,45",NA,,,Aleksandra's notes and comments:,,
yrk_thea_MapTask_004_seg002.wav,ThEA,yrk_thea_MapTask_004.wav,dev,2,NA,,,Modification of the dev set:,,
yrk_thea_MapTask_004_seg003.wav,ThEA,yrk_thea_MapTask_004.wav,dev,"1,95",NA,,,"Currently in dev, need to go in  train:",,
yrk_thea_MapTask_004_seg015.wav,ThEA,yrk_thea_MapTask_004.wav,dev,"1,91",NA,,,yrk_PearStory_seg005.wav,,
yrk_thea_PearStory_seg006.wav,ThEA,yrk_thea_PearStory.wav,dev,"2,73",NA,,,yrk_PearStory_seg051.wav,,
yrk_thea_PearStory_seg021.wav,ThEA,yrk_thea_PearStory.wav,dev,"5,66",NA,,,,,
yrk_thea_PearStory_seg031.wav,ThEA,yrk_thea_PearStory.wav,dev,"3,22",NA,,,"Currently in train, need to go in dev:",,
yrk_thea_PearStory_seg033.wav,ThEA,yrk_thea_PearStory.wav,dev,"4,71",NA,,,yrk_PearStory_seg006.wav,,
yrk_thea_PearStory_seg041.wav,ThEA,yrk_thea_PearStory.wav,dev,"3,47",NA,,,yrk_PearStory_seg063.wav,,
yrk_thea_PearStory_seg063.wav,ThEA,yrk_thea_PearStory.wav,dev,"5,76",NA,,,,,
yrk_thea_PearStory_seg056.wav,ThEA,yrk_thea_PearStory.wav,dev,"1,69",NA,,,"NB: this is based on the readme files found on Morgane's github, here:",,
yrk_thea_PearStory_seg060.wav,ThEA,yrk_thea_PearStory.wav,dev,"1,32",NA,,,OmnilingualZS/corpus_evaluation/README.md,,
yrk_thea_PearStory_seg065.wav,ThEA,yrk_thea_PearStory.wav,dev,"2,17",NA,,,OmnilingualZS/corpus_entrainement/README.md,,
yrk_thea_PearStory_seg074.wav,ThEA,yrk_thea_PearStory.wav,dev,"6,28",NA,,,,,
yrk_thea_PearStory_seg079.wav,ThEA,yrk_thea_PearStory.wav,dev,3,NA,,,Data for each run:,,
yrk_MapTask_001_seg001.wav,ThEA,yrk_thea_MapTask_001.wav,train,"5,38",Run1,,,Run,Training data,
yrk_MapTask_001_seg002.wav,ThEA,yrk_thea_MapTask_001.wav,train,"0,79",Run1,,,Run 1,"MapTasks, PearStory (minus the dev set)",https://lab.nytud.hu/s/NQzaun7zxnQBtIa
yrk_MapTask_001_seg004.wav,ThEA,yrk_thea_MapTask_001.wav,train,"1,75",Run1,,,Run 2,"Run 1 + ArcticReindeer, BusStops, Park",https://lab.nytud.hu/s/NRacYGS9qb2C7Gu
yrk_MapTask_001_seg005.wav,ThEA,yrk_thea_MapTask_001.wav,train,"0,76",Run1,,,Run 3,Run 2 + SibLang,https://lab.nytud.hu/s/T6rVnErHlEQaJtY
yrk_MapTask_001_seg006.wav,ThEA,yrk_thea_MapTask_001.wav,train,"4,7",Run1,,,Run 4,Run 3 + DyLaCo,https://lab.nytud.hu/s/NJMOKRPPyDsYCbr
yrk_MapTask_001_seg007.wav,ThEA,yrk_thea_MapTask_001.wav,train,"9,87",Run1,,,,,
yrk_MapTask_001_seg008.wav,ThEA,yrk_thea_MapTask_001.wav,train,"1,35",Run1,,,,,
yrk_MapTask_001_seg009.wav,ThEA,yrk_thea_MapTask_001.wav,train,"4,47",Run1,,,,,
yrk_MapTask_001_seg010.wav,ThEA,yrk_thea_MapTask_001.wav,train,"1,52",Run1,,,,,
yrk_MapTask_001_seg011.wav,ThEA,yrk_thea_MapTask_001.wav,train,"4,16",Run1,,,,,
yrk_MapTask_001_seg012.wav,ThEA,yrk_thea_MapTask_001.wav,train,"1,64",Run1,,,,,
yrk_MapTask_001_seg013.wav,ThEA,yrk_thea_MapTask_001.wav,train,"2,94",Run1,,,,,
yrk_MapTask_001_seg014.wav,ThEA,yrk_thea_MapTask_001.wav,train,"2,52",Run1,,,,,
yrk_MapTask_001_seg015.wav,ThEA,yrk_thea_MapTask_001.wav,train,"2,57",Run1,,,,,
yrk_MapTask_001_seg016.wav,ThEA,yrk_thea_MapTask_001.wav,train,"3,27",Run1,,,,,
yrk_MapTask_001_seg017.wav,ThEA,yrk_thea_MapTask_001.wav,train,"2,34",Run1,,,,,
yrk_MapTask_001_seg018.wav,ThEA,yrk_thea_MapTask_001.wav,train,"1,99",Run1,,,,,
yrk_MapTask_001_seg019.wav,ThEA,yrk_thea_MapTask_001.wav,train,"2,45",Run1,,,,,
yrk_MapTask_001_seg021.wav,ThEA,yrk_thea_MapTask_001.wav,train,"4,98",Run1,,,,,
yrk_MapTask_001_seg022.wav,ThEA,yrk_thea_MapTask_001.wav,train,"3,33",Run1,,,,,
yrk_MapTask_001_seg023.wav,ThEA,yrk_thea_MapTask_001.wav,train,"2,68",Run1,,,,,
yrk_MapTask_001_seg024.wav,ThEA,yrk_thea_MapTask_001.wav,train,"2,09",Run1,,,,,
yrk_MapTask_002_seg001.wav,ThEA,yrk_thea_MapTask_002.wav,train,"1,4",Run1,,,,,
yrk_MapTask_002_seg002.wav,ThEA,yrk_thea_MapTask_002.wav,train,"1,5",Run1,,,,,
yrk_MapTask_002_seg003.wav,ThEA,yrk_thea_MapTask_002.wav,train,"5,18",Run1,tags,,,,
yrk_MapTask_002_seg004.wav,ThEA,yrk_thea_MapTask_002.wav,train,"5,02",Run1,,,,,
yrk_MapTask_002_seg005.wav,ThEA,yrk_thea_MapTask_002.wav,train,"2,81",Run1,,,,,
yrk_MapTask_002_seg006.wav,ThEA,yrk_thea_MapTask_002.wav,train,"3,02",Run1,,,,,
yrk_MapTask_002_seg007.wav,ThEA,yrk_thea_MapTask_002.wav,train,"1,64",Run1,,,,,
yrk_MapTask_002_seg008.wav,ThEA,yrk_thea_MapTask_002.wav,train,"3,4",Run1,,,,,
yrk_MapTask_002_seg009.wav,ThEA,yrk_thea_MapTask_002.wav,train,"1,36",Run1,,,,,
yrk_MapTask_002_seg010.wav,ThEA,yrk_thea_MapTask_002.wav,train,"1,28",Run1,,,,,
yrk_MapTask_002_seg011.wav,ThEA,yrk_thea_MapTask_002.wav,train,"1,24",Run1,,,,,
yrk_MapTask_002_seg012.wav,ThEA,yrk_thea_MapTask_002.wav,train,"4,65",Run1,,,,,
yrk_MapTask_002_seg013.wav,ThEA,yrk_thea_MapTask_002.wav,train,"0,81",Run1,,,,,
yrk_MapTask_002_seg014.wav,ThEA,yrk_thea_MapTask_002.wav,train,"3,19",Run1,,,,,
yrk_MapTask_002_seg015.wav,ThEA,yrk_thea_MapTask_002.wav,train,"0,97",Run1,,,,,
yrk_MapTask_002_seg016.wav,ThEA,yrk_thea_MapTask_002.wav,train,"2,12",Run1,,,,,
yrk_MapTask_002_seg017.wav,ThEA,yrk_thea_MapTask_002.wav,train,"1,85",Run1,,,,,
yrk_MapTask_002_seg018.wav,ThEA,yrk_thea_MapTask_002.wav,train,"3,04",Run1,,,,,
yrk_MapTask_002_seg019.wav,ThEA,yrk_thea_MapTask_002.wav,train,"1,68",Run1,,,,,
yrk_MapTask_002_seg020.wav,ThEA,yrk_thea_MapTask_002.wav,train,"1,37",Run1,,,,,
yrk_MapTask_002_seg021.wav,ThEA,yrk_thea_MapTask_002.wav,train,"6,39",Run1,,,,,
yrk_MapTask_002_seg022.wav,ThEA,yrk_thea_MapTask_002.wav,train,"3,12",Run1,,,,,
yrk_MapTask_002_seg023.wav,ThEA,yrk_thea_MapTask_002.wav,train,"3,72",Run1,,,,,
yrk_MapTask_002_seg024.wav,ThEA,yrk_thea_MapTask_002.wav,train,"3,82",Run1,,,,,
yrk_MapTask_002_seg025.wav,ThEA,yrk_thea_MapTask_002.wav,train,"2,32",Run1,,,,,
yrk_MapTask_002_seg027.wav,ThEA,yrk_thea_MapTask_002.wav,train,"3,11",Run1,,,,,
yrk_MapTask_004_seg001.wav,ThEA,yrk_thea_MapTask_004.wav,train,"1,22",Run1,,,,,
yrk_MapTask_004_seg004.wav,ThEA,yrk_thea_MapTask_004.wav,train,"1,55",Run1,,,,,
yrk_MapTask_004_seg005.wav,ThEA,yrk_thea_MapTask_004.wav,train,"0,94",Run1,,,,,
yrk_MapTask_004_seg006.wav,ThEA,yrk_thea_MapTask_004.wav,train,"1,26",Run1,,,,,
yrk_MapTask_004_seg007.wav,ThEA,yrk_thea_MapTask_004.wav,train,"2,2",Run1,,,,,
yrk_MapTask_004_seg008.wav,ThEA,yrk_thea_MapTask_004.wav,train,"1,34",Run1,,,,,
yrk_MapTask_004_seg009.wav,ThEA,yrk_thea_MapTask_004.wav,train,"3,78",Run1,,,,,
yrk_MapTask_004_seg010.wav,ThEA,yrk_thea_MapTask_004.wav,train,"1,28",Run1,,,,,
yrk_MapTask_004_seg011.wav,ThEA,yrk_thea_MapTask_004.wav,train,"3,5",Run1,,,,,
yrk_MapTask_004_seg012.wav,ThEA,yrk_thea_MapTask_004.wav,train,"1,21",Run1,,,,,
yrk_MapTask_004_seg013.wav,ThEA,yrk_thea_MapTask_004.wav,train,"5,62",Run1,,,,,
yrk_MapTask_004_seg014.wav,ThEA,yrk_thea_MapTask_004.wav,train,"6,65",Run1,,,,,
yrk_MapTask_004_seg016.wav,ThEA,yrk_thea_MapTask_004.wav,train,"1,8",Run1,,,,,
yrk_MapTask_004_seg017.wav,ThEA,yrk_thea_MapTask_004.wav,train,"1,15",Run1,,,,,
yrk_MapTask_004_seg018.wav,ThEA,yrk_thea_MapTask_004.wav,train,"9,84",Run1,tags,,,,
yrk_MapTask_004_seg019.wav,ThEA,yrk_thea_MapTask_004.wav,train,"2,33",Run1,,,,,
yrk_MapTask_004_seg020.wav,ThEA,yrk_thea_MapTask_004.wav,train,"2,03",Run1,,,,,
yrk_MapTask_004_seg021.wav,ThEA,yrk_thea_MapTask_004.wav,train,"3,29",Run1,,,,,
yrk_MapTask_004_seg022.wav,ThEA,yrk_thea_MapTask_004.wav,train,"1,62",Run1,,,,,
yrk_MapTask_004_seg023.wav,ThEA,yrk_thea_MapTask_004.wav,train,"1,77",Run1,,,,,
yrk_MapTask_003_seg001.wav,ThEA,yrk_thea_MapTask_003.wav,train,"6,31",Run1,,,,,
yrk_MapTask_003_seg002.wav,ThEA,yrk_thea_MapTask_003.wav,train,"6,53",Run1,,,,,
yrk_MapTask_003_seg003.wav,ThEA,yrk_thea_MapTask_003.wav,train,"2,45",Run1,,,,,
yrk_MapTask_003_seg004.wav,ThEA,yrk_thea_MapTask_003.wav,train,"2,48",Run1,,,,,
yrk_MapTask_003_seg005.wav,ThEA,yrk_thea_MapTask_003.wav,train,"1,78",Run1,,,,,
yrk_MapTask_003_seg006.wav,ThEA,yrk_thea_MapTask_003.wav,train,"4,67",Run1,,,,,
yrk_MapTask_003_seg007.wav,ThEA,yrk_thea_MapTask_003.wav,train,"5,57",Run1,,,,,
yrk_MapTask_003_seg008.wav,ThEA,yrk_thea_MapTask_003.wav,train,"1,08",Run1,,,,,
yrk_MapTask_003_seg009.wav,ThEA,yrk_thea_MapTask_003.wav,train,"2,28",Run1,,,,,
yrk_MapTask_003_seg010.wav,ThEA,yrk_thea_MapTask_003.wav,train,"1,65",Run1,,,,,
yrk_MapTask_003_seg011.wav,ThEA,yrk_thea_MapTask_003.wav,train,3,Run1,,,,,
yrk_MapTask_003_seg012.wav,ThEA,yrk_thea_MapTask_003.wav,train,"3,06",Run1,,,,,
yrk_MapTask_003_seg013.wav,ThEA,yrk_thea_MapTask_003.wav,train,"0,91",Run1,,,,,
yrk_MapTask_003_seg014.wav,ThEA,yrk_thea_MapTask_003.wav,train,"5,76",Run1,,,,,
yrk_MapTask_003_seg015.wav,ThEA,yrk_thea_MapTask_003.wav,train,"3,97",Run1,,,,,
yrk_MapTask_003_seg016.wav,ThEA,yrk_thea_MapTask_003.wav,train,"3,55",Run1,,,,,
yrk_MapTask_003_seg017.wav,ThEA,yrk_thea_MapTask_003.wav,train,"2,04",Run1,,,,,
yrk_PearStory_seg001.wav,ThEA,yrk_thea_PearStory.wav,train,"8,03",Run1,,,,,
yrk_PearStory_seg002.wav,ThEA,yrk_thea_PearStory.wav,train,"2,24",Run1,,,,,
yrk_PearStory_seg003.wav,ThEA,yrk_thea_PearStory.wav,train,"5,18",Run1,,,,,
yrk_PearStory_seg004.wav,ThEA,yrk_thea_PearStory.wav,train,"0,82",Run1,,,,,
yrk_PearStory_seg005.wav,ThEA,yrk_thea_PearStory.wav,train,"1,9",Run1,,,,,
yrk_PearStory_seg007.wav,ThEA,yrk_thea_PearStory.wav,train,"7,73",Run1,,,,,
yrk_PearStory_seg008.wav,ThEA,yrk_thea_PearStory.wav,train,"2,93",Run1,,,,,
yrk_PearStory_seg009.wav,ThEA,yrk_thea_PearStory.wav,train,"1,92",Run1,,,,,
yrk_PearStory_seg010.wav,ThEA,yrk_thea_PearStory.wav,train,"4,98",Run1,,,,,
yrk_PearStory_seg011.wav,ThEA,yrk_thea_PearStory.wav,train,"3,24",Run1,,,,,
yrk_PearStory_seg012.wav,ThEA,yrk_thea_PearStory.wav,train,"2,44",Run1,,,,,
yrk_PearStory_seg013.wav,ThEA,yrk_thea_PearStory.wav,train,"3,38",Run1,,,,,
yrk_PearStory_seg014.wav,ThEA,yrk_thea_PearStory.wav,train,"5,54",Run1,,,,,
yrk_PearStory_seg015.wav,ThEA,yrk_thea_PearStory.wav,train,"1,64",Run1,,,,,
yrk_PearStory_seg016.wav,ThEA,yrk_thea_PearStory.wav,train,"5,58",Run1,,,,,
yrk_PearStory_seg017.wav,ThEA,yrk_thea_PearStory.wav,train,"5,93",Run1,,,,,
yrk_PearStory_seg018.wav,ThEA,yrk_thea_PearStory.wav,train,"4,9",Run1,,,,,
yrk_PearStory_seg019.wav,ThEA,yrk_thea_PearStory.wav,train,"2,73",Run1,,,,,
yrk_PearStory_seg020.wav,ThEA,yrk_thea_PearStory.wav,train,"5,95",Run1,,,,,
yrk_PearStory_seg022.wav,ThEA,yrk_thea_PearStory.wav,train,"2,11",Run1,,,,,
yrk_PearStory_seg023.wav,ThEA,yrk_thea_PearStory.wav,train,"9,77",Run1,question_mark,,,,
yrk_PearStory_seg024.wav,ThEA,yrk_thea_PearStory.wav,train,"2,27",Run1,,,,,
yrk_PearStory_seg025.wav,ThEA,yrk_thea_PearStory.wav,train,"2,76",Run1,,,,,
yrk_PearStory_seg026.wav,ThEA,yrk_thea_PearStory.wav,train,"2,41",Run1,,,,,
yrk_PearStory_seg027.wav,ThEA,yrk_thea_PearStory.wav,train,"1,88",Run1,,,,,
yrk_PearStory_seg028.wav,ThEA,yrk_thea_PearStory.wav,train,"3,49",Run1,no_content,,,,
yrk_PearStory_seg029.wav,ThEA,yrk_thea_PearStory.wav,train,"2,96",Run1,,,,,
yrk_PearStory_seg030.wav,ThEA,yrk_thea_PearStory.wav,train,"4,46",Run1,no_content,,,,
yrk_PearStory_seg032.wav,ThEA,yrk_thea_PearStory.wav,train,"0,92",Run1,,,,,
yrk_PearStory_seg034.wav,ThEA,yrk_thea_PearStory.wav,train,"1,83",Run1,,,,,
yrk_PearStory_seg035.wav,ThEA,yrk_thea_PearStory.wav,train,"1,84",Run1,no_content,,,,
yrk_PearStory_seg036.wav,ThEA,yrk_thea_PearStory.wav,train,"1,9",Run1,,,,,
yrk_PearStory_seg037.wav,ThEA,yrk_thea_PearStory.wav,train,"3,31",Run1,,,,,
yrk_PearStory_seg038.wav,ThEA,yrk_thea_PearStory.wav,train,"6,99",Run1,,,,,
yrk_PearStory_seg039.wav,ThEA,yrk_thea_PearStory.wav,train,"2,98",Run1,,,,,
yrk_PearStory_seg040.wav,ThEA,yrk_thea_PearStory.wav,train,"2,78",Run1,,,,,
yrk_PearStory_seg042.wav,ThEA,yrk_thea_PearStory.wav,train,"2,08",Run1,,,,,
yrk_PearStory_seg043.wav,ThEA,yrk_thea_PearStory.wav,train,"1,1",Run1,no_content,,,,
yrk_PearStory_seg044.wav,ThEA,yrk_thea_PearStory.wav,train,"2,62",Run1,,,,,
yrk_PearStory_seg045.wav,ThEA,yrk_thea_PearStory.wav,train,"2,11",Run1,,,,,
yrk_PearStory_seg046.wav,ThEA,yrk_thea_PearStory.wav,train,"3,07",Run1,,,,,
yrk_PearStory_seg047.wav,ThEA,yrk_thea_PearStory.wav,train,"1,96",Run1,,,,,
yrk_PearStory_seg048.wav,ThEA,yrk_thea_PearStory.wav,train,"6,91",Run1,,,,,
yrk_PearStory_seg049.wav,ThEA,yrk_thea_PearStory.wav,train,"1,45",Run1,,,,,
yrk_PearStory_seg050.wav,ThEA,yrk_thea_PearStory.wav,train,"4,64",Run1,question_mark,,,,
yrk_PearStory_seg052.wav,ThEA,yrk_thea_PearStory.wav,train,"1,73",Run1,,,,,
yrk_PearStory_seg053.wav,ThEA,yrk_thea_PearStory.wav,train,"1,68",Run1,no_content,,,,
yrk_PearStory_seg054.wav,ThEA,yrk_thea_PearStory.wav,train,"4,59",Run1,,,,,
yrk_PearStory_seg055.wav,ThEA,yrk_thea_PearStory.wav,train,"2,53",Run1,,,,,
yrk_PearStory_seg057.wav,ThEA,yrk_thea_PearStory.wav,train,"1,05",Run1,,,,,
yrk_PearStory_seg058.wav,ThEA,yrk_thea_PearStory.wav,train,"2,45",Run1,,,,,
yrk_PearStory_seg059.wav,ThEA,yrk_thea_PearStory.wav,train,"9,89",Run1,,,,,
yrk_PearStory_seg061.wav,ThEA,yrk_thea_PearStory.wav,train,"4,41",Run1,,,,,
yrk_PearStory_seg062.wav,ThEA,yrk_thea_PearStory.wav,train,"1,5",Run1,no_content,,,,
yrk_PearStory_seg051.wav,ThEA,yrk_thea_PearStory.wav,train,"6,34",Run1,,,,,
yrk_PearStory_seg064.wav,ThEA,yrk_thea_PearStory.wav,train,"6,63",Run1,,,,,
yrk_PearStory_seg066.wav,ThEA,yrk_thea_PearStory.wav,train,"6,41",Run1,,,,,
yrk_PearStory_seg067.wav,ThEA,yrk_thea_PearStory.wav,train,"1,98",Run1,,,,,
yrk_PearStory_seg068.wav,ThEA,yrk_thea_PearStory.wav,train,"5,6",Run1,,,,,
yrk_PearStory_seg069.wav,ThEA,yrk_thea_PearStory.wav,train,"2,01",Run1,,,,,
yrk_PearStory_seg070.wav,ThEA,yrk_thea_PearStory.wav,train,"2,45",Run1,,,,,
yrk_PearStory_seg071.wav,ThEA,yrk_thea_PearStory.wav,train,"2,28",Run1,,,,,
yrk_PearStory_seg072.wav,ThEA,yrk_thea_PearStory.wav,train,"6,45",Run1,,,,,
yrk_PearStory_seg073.wav,ThEA,yrk_thea_PearStory.wav,train,"2,37",Run1,,,,,
yrk_PearStory_seg075.wav,ThEA,yrk_thea_PearStory.wav,train,"2,57",Run1,,,,,
yrk_PearStory_seg076.wav,ThEA,yrk_thea_PearStory.wav,train,"1,37",Run1,,,,,
yrk_PearStory_seg077.wav,ThEA,yrk_thea_PearStory.wav,train,"5,51",Run1,,,,,
yrk_PearStory_seg078.wav,ThEA,yrk_thea_PearStory.wav,train,"3,92",Run1,,,,,
yrk_PearStory_seg080.wav,ThEA,yrk_thea_PearStory.wav,train,"3,88",Run1,,,,,
yrk_PearStory_seg081.wav,ThEA,yrk_thea_PearStory.wav,train,"6,07",Run1,,,,,
yrk_PearStory_seg082.wav,ThEA,yrk_thea_PearStory.wav,train,"0,75",Run1,,,,,
yrk_PearStory_seg083.wav,ThEA,yrk_thea_PearStory.wav,train,"0,75",Run1,no_content,,,,
yrk_thea_ArcticReindeer_seg001.wav,ThEA,yrk_thea_ArcticReindeer.wav,train,"3,73",Run2,,,,,
yrk_thea_ArcticReindeer_seg002.wav,ThEA,yrk_thea_ArcticReindeer.wav,train,"5,47",Run2,,,,,
yrk_thea_ArcticReindeer_seg003.wav,ThEA,yrk_thea_ArcticReindeer.wav,train,"1,4",Run2,,,,,
yrk_thea_ArcticReindeer_seg004.wav,ThEA,yrk_thea_ArcticReindeer.wav,train,"1,32",Run2,,,,,
yrk_thea_ArcticReindeer_seg005.wav,ThEA,yrk_thea_ArcticReindeer.wav,train,"1,84",Run2,,,,,
yrk_thea_ArcticReindeer_seg006.wav,ThEA,yrk_thea_ArcticReindeer.wav,train,"1,04",Run2,,,,,
yrk_thea_ArcticReindeer_seg007.wav,ThEA,yrk_thea_ArcticReindeer.wav,train,"2,22",Run2,,,,,
yrk_thea_ArcticReindeer_seg008.wav,ThEA,yrk_thea_ArcticReindeer.wav,train,"1,22",Run2,,,,,
yrk_thea_ArcticReindeer_seg009.wav,ThEA,yrk_thea_ArcticReindeer.wav,train,"1,29",Run2,,,,,
yrk_thea_ArcticReindeer_seg010.wav,ThEA,yrk_thea_ArcticReindeer.wav,train,"1,64",Run2,,,,,
yrk_thea_ArcticReindeer_seg011.wav,ThEA,yrk_thea_ArcticReindeer.wav,train,"1,43",Run2,,,,,
yrk_thea_ArcticReindeer_seg012.wav,ThEA,yrk_thea_ArcticReindeer.wav,train,"1,7",Run2,,,,,
yrk_thea_ArcticReindeer_seg013.wav,ThEA,yrk_thea_ArcticReindeer.wav,train,"2,78",Run2,,,,,
yrk_thea_ArcticReindeer_seg014.wav,ThEA,yrk_thea_ArcticReindeer.wav,train,"0,96",Run2,,,,,
yrk_thea_ArcticReindeer_seg015.wav,ThEA,yrk_thea_ArcticReindeer.wav,train,"0,77",Run2,,,,,
yrk_thea_ArcticReindeer_seg016.wav,ThEA,yrk_thea_ArcticReindeer.wav,train,"4,28",Run2,,,,,
yrk_thea_ArcticReindeer_seg017.wav,ThEA,yrk_thea_ArcticReindeer.wav,train,"3,6",Run2,,,,,
yrk_thea_ArcticReindeer_seg018.wav,ThEA,yrk_thea_ArcticReindeer.wav,train,"1,71",Run2,,,,,
yrk_thea_ArcticReindeer_seg019.wav,ThEA,yrk_thea_ArcticReindeer.wav,train,"2,07",Run2,,,,,
yrk_thea_ArcticReindeer_seg020.wav,ThEA,yrk_thea_ArcticReindeer.wav,train,"2,06",Run2,,,,,
yrk_thea_ArcticReindeer_seg021.wav,ThEA,yrk_thea_ArcticReindeer.wav,train,"1,51",Run2,,,,,
yrk_thea_ArcticReindeer_seg022.wav,ThEA,yrk_thea_ArcticReindeer.wav,train,"1,01",Run2,,,,,
yrk_thea_ArcticReindeer_seg023.wav,ThEA,yrk_thea_ArcticReindeer.wav,train,"1,3",Run2,,,,,
yrk_thea_ArcticReindeer_seg024.wav,ThEA,yrk_thea_ArcticReindeer.wav,train,"4,55",Run2,,,,,
yrk_thea_ArcticReindeer_seg025.wav,ThEA,yrk_thea_ArcticReindeer.wav,train,"1,2",Run2,,,,,
yrk_thea_ArcticReindeer_seg026.wav,ThEA,yrk_thea_ArcticReindeer.wav,train,"1,37",Run2,,,,,
yrk_thea_ArcticReindeer_seg027.wav,ThEA,yrk_thea_ArcticReindeer.wav,train,"0,61",Run2,,,,,
yrk_thea_ArcticReindeer_seg028.wav,ThEA,yrk_thea_ArcticReindeer.wav,train,"1,8",Run2,,,,,
yrk_thea_ArcticReindeer_seg029.wav,ThEA,yrk_thea_ArcticReindeer.wav,train,"2,52",Run2,,,,,
yrk_thea_ArcticReindeer_seg030.wav,ThEA,yrk_thea_ArcticReindeer.wav,train,"2,36",Run2,,,,,
yrk_thea_ArcticReindeer_seg031.wav,ThEA,yrk_thea_ArcticReindeer.wav,train,"3,86",Run2,,,,,
yrk_thea_ArcticReindeer_seg032.wav,ThEA,yrk_thea_ArcticReindeer.wav,train,"0,66",Run2,,,,,
yrk_thea_ArcticReindeer_seg033.wav,ThEA,yrk_thea_ArcticReindeer.wav,train,"3,82",Run2,,,,,
yrk_thea_ArcticReindeer_seg034.wav,ThEA,yrk_thea_ArcticReindeer.wav,train,"2,25",Run2,,,,,
yrk_thea_ArcticReindeer_seg035.wav,ThEA,yrk_thea_ArcticReindeer.wav,train,"1,03",Run2,,,,,
yrk_thea_ArcticReindeer_seg036.wav,ThEA,yrk_thea_ArcticReindeer.wav,train,"3,56",Run2,,,,,
yrk_thea_ArcticReindeer_seg037.wav,ThEA,yrk_thea_ArcticReindeer.wav,train,"0,85",Run2,,,,,
yrk_thea_ArcticReindeer_seg038.wav,ThEA,yrk_thea_ArcticReindeer.wav,train,"1,28",Run2,,,,,
yrk_thea_ArcticReindeer_seg039.wav,ThEA,yrk_thea_ArcticReindeer.wav,train,"3,61",Run2,,,,,
yrk_thea_ArcticReindeer_seg040.wav,ThEA,yrk_thea_ArcticReindeer.wav,train,"0,51",Run2,,,,,
yrk_thea_ArcticReindeer_seg041.wav,ThEA,yrk_thea_ArcticReindeer.wav,train,"1,27",Run2,,,,,
yrk_thea_ArcticReindeer_seg042.wav,ThEA,yrk_thea_ArcticReindeer.wav,train,"0,86",Run2,,,,,
yrk_thea_ArcticReindeer_seg043.wav,ThEA,yrk_thea_ArcticReindeer.wav,train,"0,98",Run2,,,,,
yrk_thea_ArcticReindeer_seg044.wav,ThEA,yrk_thea_ArcticReindeer.wav,train,"1,84",Run2,,,,,
yrk_thea_ArcticReindeer_seg045.wav,ThEA,yrk_thea_ArcticReindeer.wav,train,"1,34",Run2,,,,,
yrk_thea_ArcticReindeer_seg046.wav,ThEA,yrk_thea_ArcticReindeer.wav,train,"5,04",Run2,,,,,
yrk_thea_ArcticReindeer_seg047.wav,ThEA,yrk_thea_ArcticReindeer.wav,train,"1,51",Run2,,,,,
yrk_thea_ArcticReindeer_seg048.wav,ThEA,yrk_thea_ArcticReindeer.wav,train,"2,41",Run2,,,,,
yrk_thea_ArcticReindeer_seg049.wav,ThEA,yrk_thea_ArcticReindeer.wav,train,1,Run2,,,,,
yrk_thea_ArcticReindeer_seg050.wav,ThEA,yrk_thea_ArcticReindeer.wav,train,"1,17",Run2,,,,,
yrk_thea_ArcticReindeer_seg051.wav,ThEA,yrk_thea_ArcticReindeer.wav,train,"1,09",Run2,,,,,
yrk_thea_ArcticReindeer_seg052.wav,ThEA,yrk_thea_ArcticReindeer.wav,train,"3,21",Run2,,,,,
yrk_thea_ArcticReindeer_seg053.wav,ThEA,yrk_thea_ArcticReindeer.wav,train,"1,68",Run2,,,,,
yrk_thea_ArcticReindeer_seg054.wav,ThEA,yrk_thea_ArcticReindeer.wav,train,"3,56",Run2,,,,,
yrk_thea_ArcticReindeer_seg055.wav,ThEA,yrk_thea_ArcticReindeer.wav,train,"2,88",Run2,,,,,
yrk_thea_ArcticReindeer_seg056.wav,ThEA,yrk_thea_ArcticReindeer.wav,train,"1,04",Run2,,,,,
yrk_thea_ArcticReindeer_seg057.wav,ThEA,yrk_thea_ArcticReindeer.wav,train,"3,77",Run2,,,,,
yrk_thea_ArcticReindeer_seg058.wav,ThEA,yrk_thea_ArcticReindeer.wav,train,"2,16",Run2,,,,,
yrk_thea_ArcticReindeer_seg059.wav,ThEA,yrk_thea_ArcticReindeer.wav,train,"1,92",Run2,,,,,
yrk_thea_ArcticReindeer_seg060.wav,ThEA,yrk_thea_ArcticReindeer.wav,train,"1,52",Run2,,,,,
yrk_thea_ArcticReindeer_seg061.wav,ThEA,yrk_thea_ArcticReindeer.wav,train,"2,54",Run2,,,,,
yrk_thea_ArcticReindeer_seg062.wav,ThEA,yrk_thea_ArcticReindeer.wav,train,"1,2",Run2,,,,,
yrk_thea_ArcticReindeer_seg063.wav,ThEA,yrk_thea_ArcticReindeer.wav,train,"1,41",Run2,,,,,
yrk_thea_ArcticReindeer_seg064.wav,ThEA,yrk_thea_ArcticReindeer.wav,train,"1,19",Run2,,,,,
yrk_thea_ArcticReindeer_seg065.wav,ThEA,yrk_thea_ArcticReindeer.wav,train,"1,44",Run2,,,,,
yrk_thea_ArcticReindeer_seg066.wav,ThEA,yrk_thea_ArcticReindeer.wav,train,"1,98",Run2,,,,,
yrk_thea_ArcticReindeer_seg067.wav,ThEA,yrk_thea_ArcticReindeer.wav,train,"1,93",Run2,,,,,
yrk_thea_ArcticReindeer_seg068.wav,ThEA,yrk_thea_ArcticReindeer.wav,train,"1,53",Run2,,,,,
yrk_thea_ArcticReindeer_seg069.wav,ThEA,yrk_thea_ArcticReindeer.wav,train,"3,35",Run2,,,,,
yrk_thea_ArcticReindeer_seg070.wav,ThEA,yrk_thea_ArcticReindeer.wav,train,"2,17",Run2,,,,,
yrk_thea_ArcticReindeer_seg071.wav,ThEA,yrk_thea_ArcticReindeer.wav,train,"0,95",Run2,,,,,
yrk_thea_ArcticReindeer_seg072.wav,ThEA,yrk_thea_ArcticReindeer.wav,train,"1,36",Run2,,,,,
yrk_thea_ArcticReindeer_seg073.wav,ThEA,yrk_thea_ArcticReindeer.wav,train,"1,21",Run2,,,,,
yrk_thea_ArcticReindeer_seg074.wav,ThEA,yrk_thea_ArcticReindeer.wav,train,"0,84",Run2,,,,,
yrk_thea_ArcticReindeer_seg075.wav,ThEA,yrk_thea_ArcticReindeer.wav,train,"1,17",Run2,,,,,
yrk_thea_ArcticReindeer_seg076.wav,ThEA,yrk_thea_ArcticReindeer.wav,train,"1,52",Run2,,,,,
yrk_thea_ArcticReindeer_seg077.wav,ThEA,yrk_thea_ArcticReindeer.wav,train,"2,18",Run2,,,,,
yrk_thea_ArcticReindeer_seg078.wav,ThEA,yrk_thea_ArcticReindeer.wav,train,"1,2",Run2,,,,,
yrk_thea_ArcticReindeer_seg079.wav,ThEA,yrk_thea_ArcticReindeer.wav,train,"0,84",Run2,,,,,
yrk_thea_ArcticReindeer_seg080.wav,ThEA,yrk_thea_ArcticReindeer.wav,train,"0,99",Run2,,,,,
yrk_thea_ArcticReindeer_seg081.wav,ThEA,yrk_thea_ArcticReindeer.wav,train,"1,33",Run2,,,,,
td2_a_nenets_joke_seg001.wav,Siberian Languages,yrk_siblang_A Nenets joke.wav,train,"2,17",Run3,,,,,
td2_a_nenets_joke_seg002.wav,Siberian Languages,yrk_siblang_A Nenets joke.wav,train,"1,98",Run3,,,,,
td2_a_nenets_joke_seg003.wav,Siberian Languages,yrk_siblang_A Nenets joke.wav,train,"1,2",Run3,,,,,
td2_a_nenets_joke_seg004.wav,Siberian Languages,yrk_siblang_A Nenets joke.wav,train,"3,31",Run3,,,,,
td2_a_nenets_joke_seg005.wav,Siberian Languages,yrk_siblang_A Nenets joke.wav,train,"3,33",Run3,,,,,
td2_a_nenets_joke_seg006.wav,Siberian Languages,yrk_siblang_A Nenets joke.wav,train,"2,44",Run3,,,,,
td2_a_nenets_joke_seg007.wav,Siberian Languages,yrk_siblang_A Nenets joke.wav,train,"5,93",Run3,,,,,
td2_a_nenets_joke_seg008.wav,Siberian Languages,yrk_siblang_A Nenets joke.wav,train,"1,88",Run3,,,,,
td2_a_nenets_joke_seg009.wav,Siberian Languages,yrk_siblang_A Nenets joke.wav,train,"4,91",Run3,,,,,
td2_a_seagull_s_tale_seg001.wav,Siberian Languages,yrk_siblang_A seagull’s tale.wav,train,"3,56",Run3,,,,,
td2_a_seagull_s_tale_seg002.wav,Siberian Languages,yrk_siblang_A seagull’s tale.wav,train,"2,05",Run3,,,,,
td2_a_seagull_s_tale_seg003.wav,Siberian Languages,yrk_siblang_A seagull’s tale.wav,train,"1,26",Run3,,,,,
td2_a_seagull_s_tale_seg004.wav,Siberian Languages,yrk_siblang_A seagull’s tale.wav,train,"1,37",Run3,,,,,
td2_a_seagull_s_tale_seg005.wav,Siberian Languages,yrk_siblang_A seagull’s tale.wav,train,"2,41",Run3,,,,,
td2_a_seagull_s_tale_seg006.wav,Siberian Languages,yrk_siblang_A seagull’s tale.wav,train,"2,94",Run3,,,,,
td2_a_seagull_s_tale_seg007.wav,Siberian Languages,yrk_siblang_A seagull’s tale.wav,train,"1,79",Run3,,,,,
td2_a_seagull_s_tale_seg008.wav,Siberian Languages,yrk_siblang_A seagull’s tale.wav,train,"2,88",Run3,,,,,
td2_a_seagull_s_tale_seg009.wav,Siberian Languages,yrk_siblang_A seagull’s tale.wav,train,"5,89",Run3,,,,,
td2_a_seagull_s_tale_seg010.wav,Siberian Languages,yrk_siblang_A seagull’s tale.wav,train,"7,17",Run3,,,,,
td2_a_seagull_s_tale_seg011.wav,Siberian Languages,yrk_siblang_A seagull’s tale.wav,train,"10,36",Run3,,,,,
td2_a_seagull_s_tale_seg012.wav,Siberian Languages,yrk_siblang_A seagull’s tale.wav,train,"2,9",Run3,,,,,
td2_a_seagull_s_tale_seg013.wav,Siberian Languages,yrk_siblang_A seagull’s tale.wav,train,"3,21",Run3,,,,,
td2_a_seagull_s_tale_seg014.wav,Siberian Languages,yrk_siblang_A seagull’s tale.wav,train,"5,76",Run3,,,,,
td2_a_seagull_s_tale_seg015.wav,Siberian Languages,yrk_siblang_A seagull’s tale.wav,train,"5,42",Run3,,,,,
td2_a_seagull_s_tale_seg016.wav,Siberian Languages,yrk_siblang_A seagull’s tale.wav,train,"3,03",Run3,,,,,
td2_a_seagull_s_tale_seg017.wav,Siberian Languages,yrk_siblang_A seagull’s tale.wav,train,"4,7",Run3,,,,,
td2_a_seagull_s_tale_seg018.wav,Siberian Languages,yrk_siblang_A seagull’s tale.wav,train,"3,1",Run3,,,,,
td2_dressing_for_the_tundra_seg001.wav,Siberian Languages,yrk_siblang_Dressing for the tundra.wav,train,"3,57",Run3,,,,,
td2_dressing_for_the_tundra_seg002.wav,Siberian Languages,yrk_siblang_Dressing for the tundra.wav,train,"5,06",Run3,,,,,
td2_dressing_for_the_tundra_seg003.wav,Siberian Languages,yrk_siblang_Dressing for the tundra.wav,train,"6,8",Run3,,,,,
td2_dressing_for_the_tundra_seg004.wav,Siberian Languages,yrk_siblang_Dressing for the tundra.wav,train,"1,37",Run3,,,,,
td2_dressing_for_the_tundra_seg005.wav,Siberian Languages,yrk_siblang_Dressing for the tundra.wav,train,"5,26",Run3,,,,,
td2_dressing_for_the_tundra_seg006.wav,Siberian Languages,yrk_siblang_Dressing for the tundra.wav,train,"3,16",Run3,,,,,
td2_dressing_for_the_tundra_seg007.wav,Siberian Languages,yrk_siblang_Dressing for the tundra.wav,train,"3,09",Run3,,,,,
td2_dressing_for_the_tundra_seg008.wav,Siberian Languages,yrk_siblang_Dressing for the tundra.wav,train,"2,44",Run3,,,,,
td2_dressing_for_the_tundra_seg009.wav,Siberian Languages,yrk_siblang_Dressing for the tundra.wav,train,"5,86",Run3,,,,,
td2_dressing_for_the_tundra_seg010.wav,Siberian Languages,yrk_siblang_Dressing for the tundra.wav,train,"5,64",Run3,,,,,
td2_dressing_for_the_tundra_seg011.wav,Siberian Languages,yrk_siblang_Dressing for the tundra.wav,train,"1,24",Run3,,,,,
td2_no_ladles_under_women_s_hems_seg001.wav,Siberian Languages,yrk_siblang_No ladles under women’s hems.wav,train,"4,84",Run3,,,,,
td2_no_ladles_under_women_s_hems_seg002.wav,Siberian Languages,yrk_siblang_No ladles under women’s hems.wav,train,"2,79",Run3,,,,,
td2_no_ladles_under_women_s_hems_seg003.wav,Siberian Languages,yrk_siblang_No ladles under women’s hems.wav,train,"3,95",Run3,,,,,
td2_no_ladles_under_women_s_hems_seg004.wav,Siberian Languages,yrk_siblang_No ladles under women’s hems.wav,train,"1,37",Run3,,,,,
td2_no_ladles_under_women_s_hems_seg005.wav,Siberian Languages,yrk_siblang_No ladles under women’s hems.wav,train,"2,03",Run3,,,,,
td2_no_ladles_under_women_s_hems_seg006.wav,Siberian Languages,yrk_siblang_No ladles under women’s hems.wav,train,"4,38",Run3,,,,,
td2_no_ladles_under_women_s_hems_seg007.wav,Siberian Languages,yrk_siblang_No ladles under women’s hems.wav,train,"2,09",Run3,,,,,
td2_no_ladles_under_women_s_hems_seg008.wav,Siberian Languages,yrk_siblang_No ladles under women’s hems.wav,train,"9,78",Run3,,,,,
td2_no_ladles_under_women_s_hems_seg009.wav,Siberian Languages,yrk_siblang_No ladles under women’s hems.wav,train,"4,85",Run3,,,,,
td2_no_ladles_under_women_s_hems_seg010.wav,Siberian Languages,yrk_siblang_No ladles under women’s hems.wav,train,"3,49",Run3,,,,,
td2_no_ladles_under_women_s_hems_seg011.wav,Siberian Languages,yrk_siblang_No ladles under women’s hems.wav,train,"3,5",Run3,,,,,
td2_no_ladles_under_women_s_hems_seg012.wav,Siberian Languages,yrk_siblang_No ladles under women’s hems.wav,train,"10,31",Run3,,,,,
td2_no_ladles_under_women_s_hems_seg013.wav,Siberian Languages,yrk_siblang_No ladles under women’s hems.wav,train,"13,7",Run3,,,,,
td2_no_ladles_under_women_s_hems_seg014.wav,Siberian Languages,yrk_siblang_No ladles under women’s hems.wav,train,"1,26",Run3,,,,,
yrk_dylaco_text001_0001.wav,dylaco,yrk_dylaco.wav,train,"4,95",Run4,,,,,
yrk_dylaco_text001_0002.wav,dylaco,yrk_dylaco.wav,train,"1,35",Run4,,,,,
yrk_dylaco_text001_0003.wav,dylaco,yrk_dylaco.wav,train,"1,92",Run4,,,,,
yrk_dylaco_text001_0004.wav,dylaco,yrk_dylaco.wav,train,"1,83",Run4,,,,,
yrk_dylaco_text001_0005.wav,dylaco,yrk_dylaco.wav,train,"1,09",Run4,,,,,
yrk_dylaco_text001_0006.wav,dylaco,yrk_dylaco.wav,train,"0,85",Run4,,,,,
yrk_dylaco_text001_0007.wav,dylaco,yrk_dylaco.wav,train,"1,95",Run4,,,,,
yrk_dylaco_text001_0008.wav,dylaco,yrk_dylaco.wav,train,"1,49",Run4,,,,,
yrk_dylaco_text001_0009.wav,dylaco,yrk_dylaco.wav,train,"2,15",Run4,,,,,
yrk_dylaco_text001_0010.wav,dylaco,yrk_dylaco.wav,train,"2,69",Run4,,,,,
yrk_dylaco_text001_0011.wav,dylaco,yrk_dylaco.wav,train,"0,42",Run4,,,,,
yrk_dylaco_text001_0012.wav,dylaco,yrk_dylaco.wav,train,"4,47",Run4,,,,,
yrk_dylaco_text001_0013.wav,dylaco,yrk_dylaco.wav,train,"2,18",Run4,,,,,
yrk_dylaco_text001_0014.wav,dylaco,yrk_dylaco.wav,train,"2,58",Run4,,,,,
yrk_dylaco_text001_0015.wav,dylaco,yrk_dylaco.wav,train,"1,71",Run4,,,,,
yrk_dylaco_text001_0016.wav,dylaco,yrk_dylaco.wav,train,"2,19",Run4,,,,,
yrk_dylaco_text001_0017.wav,dylaco,yrk_dylaco.wav,train,"3,38",Run4,,,,,
yrk_dylaco_text001_0018.wav,dylaco,yrk_dylaco.wav,train,"1,86",Run4,,,,,
yrk_dylaco_text001_0019.wav,dylaco,yrk_dylaco.wav,train,"1,83",Run4,,,,,
yrk_dylaco_text001_0020.wav,dylaco,yrk_dylaco.wav,train,"3,2",Run4,,,,,
yrk_dylaco_text001_0021.wav,dylaco,yrk_dylaco.wav,train,"1,61",Run4,,,,,
yrk_dylaco_text001_0022.wav,dylaco,yrk_dylaco.wav,train,"3,87",Run4,,,,,
yrk_dylaco_text001_0023.wav,dylaco,yrk_dylaco.wav,train,"2,49",Run4,,,,,
yrk_dylaco_text001_0024.wav,dylaco,yrk_dylaco.wav,train,"2,99",Run4,,,,,
yrk_dylaco_text001_0025.wav,dylaco,yrk_dylaco.wav,train,"1,5",Run4,,,,,
yrk_dylaco_text001_0026.wav,dylaco,yrk_dylaco.wav,train,"1,19",Run4,,,,,
yrk_dylaco_text001_0027.wav,dylaco,yrk_dylaco.wav,train,"1,54",Run4,,,,,
yrk_dylaco_text001_0028.wav,dylaco,yrk_dylaco.wav,train,"2,02",Run4,,,,,
yrk_dylaco_text001_0029.wav,dylaco,yrk_dylaco.wav,train,"2,52",Run4,,,,,
yrk_dylaco_text001_0030.wav,dylaco,yrk_dylaco.wav,train,"0,26",Run4,,,,,
yrk_dylaco_text001_0031.wav,dylaco,yrk_dylaco.wav,train,"3,21",Run4,,,,,
yrk_dylaco_text001_0032.wav,dylaco,yrk_dylaco.wav,train,"2,09",Run4,,,,,
yrk_dylaco_text001_0033.wav,dylaco,yrk_dylaco.wav,train,"1,67",Run4,,,,,
yrk_dylaco_text001_0034.wav,dylaco,yrk_dylaco.wav,train,"3,03",Run4,,,,,
yrk_dylaco_text001_0035.wav,dylaco,yrk_dylaco.wav,train,"0,94",Run4,,,,,
yrk_dylaco_text001_0036.wav,dylaco,yrk_dylaco.wav,train,"1,77",Run4,,,,,
yrk_dylaco_text001_0037.wav,dylaco,yrk_dylaco.wav,train,"0,87",Run4,,,,,
yrk_dylaco_text001_0038.wav,dylaco,yrk_dylaco.wav,train,"1,69",Run4,,,,,
yrk_dylaco_text001_0039.wav,dylaco,yrk_dylaco.wav,train,"1,87",Run4,,,,,
yrk_dylaco_text001_0040.wav,dylaco,yrk_dylaco.wav,train,"2,05",Run4,,,,,
yrk_dylaco_text001_0041.wav,dylaco,yrk_dylaco.wav,train,"1,09",Run4,,,,,
yrk_dylaco_text001_0042.wav,dylaco,yrk_dylaco.wav,train,"1,48",Run4,,,,,
yrk_dylaco_text001_0043.wav,dylaco,yrk_dylaco.wav,train,"1,7",Run4,,,,,
yrk_dylaco_text001_0044.wav,dylaco,yrk_dylaco.wav,train,"0,96",Run4,,,,,
yrk_dylaco_text001_0045.wav,dylaco,yrk_dylaco.wav,train,"1,69",Run4,,,,,
yrk_dylaco_text001_0046.wav,dylaco,yrk_dylaco.wav,train,"1,51",Run4,,,,,
yrk_dylaco_text001_0047.wav,dylaco,yrk_dylaco.wav,train,"1,87",Run4,,,,,
yrk_dylaco_text001_0048.wav,dylaco,yrk_dylaco.wav,train,"1,32",Run4,,,,,
yrk_dylaco_text001_0049.wav,dylaco,yrk_dylaco.wav,train,"1,78",Run4,,,,,
yrk_dylaco_text001_0050.wav,dylaco,yrk_dylaco.wav,train,"2,1",Run4,,,,,
yrk_dylaco_text001_0051.wav,dylaco,yrk_dylaco.wav,train,"1,94",Run4,,,,,
yrk_dylaco_text001_0052.wav,dylaco,yrk_dylaco.wav,train,"1,33",Run4,,,,,
yrk_dylaco_text001_0053.wav,dylaco,yrk_dylaco.wav,train,"2,2",Run4,,,,,
yrk_dylaco_text001_0054.wav,dylaco,yrk_dylaco.wav,train,"2,1",Run4,,,,,
yrk_dylaco_text001_0055.wav,dylaco,yrk_dylaco.wav,train,"1,82",Run4,,,,,
yrk_dylaco_text001_0056.wav,dylaco,yrk_dylaco.wav,train,"1,07",Run4,,,,,
yrk_dylaco_text001_0057.wav,dylaco,yrk_dylaco.wav,train,"1,74",Run4,,,,,
yrk_dylaco_text001_0058.wav,dylaco,yrk_dylaco.wav,train,"0,93",Run4,,,,,
yrk_dylaco_text001_0059.wav,dylaco,yrk_dylaco.wav,train,"1,37",Run4,,,,,
yrk_dylaco_text001_0060.wav,dylaco,yrk_dylaco.wav,train,"2,62",Run4,,,,,
yrk_dylaco_text001_0061.wav,dylaco,yrk_dylaco.wav,train,"3,04",Run4,,,,,
yrk_dylaco_text001_0062.wav,dylaco,yrk_dylaco.wav,train,"2,22",Run4,,,,,
yrk_dylaco_text001_0063.wav,dylaco,yrk_dylaco.wav,train,"1,76",Run4,,,,,
yrk_dylaco_text001_0064.wav,dylaco,yrk_dylaco.wav,train,"1,45",Run4,,,,,
yrk_dylaco_text001_0065.wav,dylaco,yrk_dylaco.wav,train,"2,88",Run4,,,,,
yrk_dylaco_text001_0066.wav,dylaco,yrk_dylaco.wav,train,"1,38",Run4,,,,,
yrk_dylaco_text001_0067.wav,dylaco,yrk_dylaco.wav,train,"1,3",Run4,,,,,
yrk_dylaco_text001_0068.wav,dylaco,yrk_dylaco.wav,train,"1,61",Run4,,,,,
yrk_dylaco_text001_0069.wav,dylaco,yrk_dylaco.wav,train,"0,93",Run4,,,,,
yrk_dylaco_text001_0070.wav,dylaco,yrk_dylaco.wav,train,"1,29",Run4,,,,,
yrk_dylaco_text001_0071.wav,dylaco,yrk_dylaco.wav,train,"1,42",Run4,,,,,
yrk_dylaco_text001_0072.wav,dylaco,yrk_dylaco.wav,train,"1,61",Run4,,,,,
yrk_dylaco_text001_0073.wav,dylaco,yrk_dylaco.wav,train,"3,37",Run4,,,,,
yrk_dylaco_text001_0074.wav,dylaco,yrk_dylaco.wav,train,"1,68",Run4,,,,,
yrk_dylaco_text001_0075.wav,dylaco,yrk_dylaco.wav,train,"2,72",Run4,,,,,
yrk_dylaco_text001_0076.wav,dylaco,yrk_dylaco.wav,train,"0,7",Run4,,,,,
yrk_dylaco_text001_0077.wav,dylaco,yrk_dylaco.wav,train,"0,85",Run4,,,,,
yrk_dylaco_text001_0078.wav,dylaco,yrk_dylaco.wav,train,"0,87",Run4,,,,,
yrk_dylaco_text001_0079.wav,dylaco,yrk_dylaco.wav,train,"1,28",Run4,,,,,
yrk_dylaco_text001_0080.wav,dylaco,yrk_dylaco.wav,train,"1,64",Run4,,,,,
yrk_dylaco_text001_0081.wav,dylaco,yrk_dylaco.wav,train,"1,87",Run4,,,,,
yrk_dylaco_text001_0082.wav,dylaco,yrk_dylaco.wav,train,"2,83",Run4,,,,,
yrk_dylaco_text001_0083.wav,dylaco,yrk_dylaco.wav,train,"2,13",Run4,,,,,
yrk_dylaco_text001_0084.wav,dylaco,yrk_dylaco.wav,train,"0,93",Run4,,,,,
yrk_dylaco_text001_0085.wav,dylaco,yrk_dylaco.wav,train,"1,15",Run4,,,,,
yrk_dylaco_text001_0086.wav,dylaco,yrk_dylaco.wav,train,"1,24",Run4,,,,,
yrk_dylaco_text001_0087.wav,dylaco,yrk_dylaco.wav,train,"1,73",Run4,,,,,
yrk_dylaco_text001_0088.wav,dylaco,yrk_dylaco.wav,train,"0,9",Run4,,,,,
yrk_dylaco_text001_0089.wav,dylaco,yrk_dylaco.wav,train,"1,76",Run4,,,,,
yrk_dylaco_text001_0090.wav,dylaco,yrk_dylaco.wav,train,"1,63",Run4,,,,,
yrk_dylaco_text001_0091.wav,dylaco,yrk_dylaco.wav,train,"1,17",Run4,,,,,
yrk_dylaco_text001_0092.wav,dylaco,yrk_dylaco.wav,train,"2,55",Run4,,,,,
yrk_dylaco_text001_0093.wav,dylaco,yrk_dylaco.wav,train,"1,3",Run4,,,,,
yrk_dylaco_text001_0094.wav,dylaco,yrk_dylaco.wav,train,"1,59",Run4,,,,,
yrk_dylaco_text001_0095.wav,dylaco,yrk_dylaco.wav,train,"2,4",Run4,,,,,
yrk_dylaco_text001_0096.wav,dylaco,yrk_dylaco.wav,train,"1,81",Run4,,,,,
yrk_dylaco_text001_0097.wav,dylaco,yrk_dylaco.wav,train,"3,37",Run4,,,,,
yrk_dylaco_text001_0098.wav,dylaco,yrk_dylaco.wav,train,"2,08",Run4,,,,,
yrk_dylaco_text001_0099.wav,dylaco,yrk_dylaco.wav,train,"1,22",Run4,,,,,
yrk_dylaco_text001_0100.wav,dylaco,yrk_dylaco.wav,train,"2,27",Run4,,,,,
yrk_dylaco_text001_0101.wav,dylaco,yrk_dylaco.wav,train,"1,53",Run4,,,,,
yrk_dylaco_text001_0102.wav,dylaco,yrk_dylaco.wav,train,"1,43",Run4,,,,,
yrk_dylaco_text001_0103.wav,dylaco,yrk_dylaco.wav,train,"2,61",Run4,,,,,
yrk_dylaco_text001_0104.wav,dylaco,yrk_dylaco.wav,train,"1,73",Run4,,,,,
yrk_dylaco_text001_0105.wav,dylaco,yrk_dylaco.wav,train,"2,64",Run4,,,,,
yrk_dylaco_text001_0106.wav,dylaco,yrk_dylaco.wav,train,"1,1",Run4,,,,,
yrk_dylaco_text001_0107.wav,dylaco,yrk_dylaco.wav,train,"1,54",Run4,,,,,
yrk_dylaco_text001_0108.wav,dylaco,yrk_dylaco.wav,train,"2,98",Run4,,,,,
yrk_dylaco_text001_0109.wav,dylaco,yrk_dylaco.wav,train,"2,64",Run4,,,,,
yrk_dylaco_text001_0110.wav,dylaco,yrk_dylaco.wav,train,"1,62",Run4,,,,,
yrk_dylaco_text001_0111.wav,dylaco,yrk_dylaco.wav,train,"1,16",Run4,,,,,
yrk_dylaco_text001_0112.wav,dylaco,yrk_dylaco.wav,train,"3,29",Run4,,,,,
yrk_dylaco_text001_0113.wav,dylaco,yrk_dylaco.wav,train,1,Run4,,,,,
yrk_dylaco_text001_0114.wav,dylaco,yrk_dylaco.wav,train,"1,86",Run4,,,,,
yrk_dylaco_text001_0115.wav,dylaco,yrk_dylaco.wav,train,"1,13",Run4,,,,,
yrk_dylaco_text001_0116.wav,dylaco,yrk_dylaco.wav,train,"1,06",Run4,,,,,
yrk_dylaco_text001_0117.wav,dylaco,yrk_dylaco.wav,train,"2,79",Run4,,,,,
yrk_dylaco_text001_0118.wav,dylaco,yrk_dylaco.wav,train,"3,33",Run4,,,,,
yrk_dylaco_text001_0119.wav,dylaco,yrk_dylaco.wav,train,"1,44",Run4,,,,,
yrk_dylaco_text001_0120.wav,dylaco,yrk_dylaco.wav,train,"1,37",Run4,,,,,
yrk_dylaco_text001_0121.wav,dylaco,yrk_dylaco.wav,train,"1,14",Run4,,,,,
yrk_dylaco_text001_0122.wav,dylaco,yrk_dylaco.wav,train,"1,16",Run4,,,,,
yrk_dylaco_text001_0123.wav,dylaco,yrk_dylaco.wav,train,"1,59",Run4,,,,,
yrk_dylaco_text001_0124.wav,dylaco,yrk_dylaco.wav,train,"2,42",Run4,,,,,
yrk_dylaco_text001_0125.wav,dylaco,yrk_dylaco.wav,train,"1,87",Run4,,,,,
yrk_dylaco_text001_0126.wav,dylaco,yrk_dylaco.wav,train,"1,2",Run4,,,,,
yrk_dylaco_text001_0127.wav,dylaco,yrk_dylaco.wav,train,"1,18",Run4,,,,,
yrk_dylaco_text001_0128.wav,dylaco,yrk_dylaco.wav,train,"1,86",Run4,,,,,
yrk_dylaco_text001_0129.wav,dylaco,yrk_dylaco.wav,train,"1,53",Run4,,,,,
yrk_dylaco_text001_0130.wav,dylaco,yrk_dylaco.wav,train,"2,14",Run4,,,,,
yrk_dylaco_text001_0131.wav,dylaco,yrk_dylaco.wav,train,"1,25",Run4,,,,,
yrk_dylaco_text001_0132.wav,dylaco,yrk_dylaco.wav,train,"1,84",Run4,,,,,
yrk_dylaco_text001_0133.wav,dylaco,yrk_dylaco.wav,train,"2,37",Run4,,,,,
yrk_dylaco_text001_0134.wav,dylaco,yrk_dylaco.wav,train,"2,17",Run4,,,,,
yrk_dylaco_text001_0135.wav,dylaco,yrk_dylaco.wav,train,"0,86",Run4,,,,,
yrk_dylaco_text001_0136.wav,dylaco,yrk_dylaco.wav,train,"1,11",Run4,,,,,
yrk_dylaco_text001_0137.wav,dylaco,yrk_dylaco.wav,train,"1,55",Run4,,,,,
yrk_dylaco_text001_0138.wav,dylaco,yrk_dylaco.wav,train,"1,49",Run4,,,,,
yrk_dylaco_text001_0139.wav,dylaco,yrk_dylaco.wav,train,"2,43",Run4,,,,,
yrk_dylaco_text001_0140.wav,dylaco,yrk_dylaco.wav,train,"1,2",Run4,,,,,
yrk_dylaco_text001_0141.wav,dylaco,yrk_dylaco.wav,train,"2,91",Run4,,,,,
yrk_dylaco_text001_0142.wav,dylaco,yrk_dylaco.wav,train,"1,91",Run4,,,,,
yrk_dylaco_text001_0143.wav,dylaco,yrk_dylaco.wav,train,"1,84",Run4,,,,,
yrk_dylaco_text001_0144.wav,dylaco,yrk_dylaco.wav,train,"2,16",Run4,,,,,
yrk_dylaco_text001_0145.wav,dylaco,yrk_dylaco.wav,train,"1,78",Run4,,,,,
yrk_dylaco_text001_0146.wav,dylaco,yrk_dylaco.wav,train,"1,68",Run4,,,,,
yrk_dylaco_text001_0147.wav,dylaco,yrk_dylaco.wav,train,"2,62",Run4,,,,,
yrk_dylaco_text001_0148.wav,dylaco,yrk_dylaco.wav,train,"3,6",Run4,,,,,
yrk_dylaco_text001_0149.wav,dylaco,yrk_dylaco.wav,train,"2,07",Run4,,,,,
yrk_dylaco_text001_0150.wav,dylaco,yrk_dylaco.wav,train,"1,52",Run4,,,,,
yrk_dylaco_text001_0151.wav,dylaco,yrk_dylaco.wav,train,"1,75",Run4,,,,,
yrk_dylaco_text001_0152.wav,dylaco,yrk_dylaco.wav,train,"1,1",Run4,,,,,
yrk_dylaco_text001_0153.wav,dylaco,yrk_dylaco.wav,train,"1,72",Run4,,,,,
yrk_dylaco_text001_0154.wav,dylaco,yrk_dylaco.wav,train,"1,29",Run4,,,,,
yrk_dylaco_text001_0155.wav,dylaco,yrk_dylaco.wav,train,"3,22",Run4,,,,,
yrk_dylaco_text001_0156.wav,dylaco,yrk_dylaco.wav,train,"1,49",Run4,,,,,
yrk_dylaco_text001_0157.wav,dylaco,yrk_dylaco.wav,train,"4,19",Run4,,,,,
yrk_dylaco_text001_0158.wav,dylaco,yrk_dylaco.wav,train,"0,44",Run4,,,,,
yrk_dylaco_text001_0159.wav,dylaco,yrk_dylaco.wav,train,"2,4",Run4,,,,,
yrk_dylaco_text001_0160.wav,dylaco,yrk_dylaco.wav,train,"2,4",Run4,,,,,
yrk_dylaco_text001_0161.wav,dylaco,yrk_dylaco.wav,train,"2,01",Run4,,,,,
yrk_dylaco_text001_0162.wav,dylaco,yrk_dylaco.wav,train,"1,21",Run4,,,,,
yrk_dylaco_text001_0163.wav,dylaco,yrk_dylaco.wav,train,"1,8",Run4,,,,,
yrk_dylaco_text001_0164.wav,dylaco,yrk_dylaco.wav,train,"2,24",Run4,,,,,
yrk_dylaco_text001_0165.wav,dylaco,yrk_dylaco.wav,train,"1,41",Run4,,,,,
yrk_dylaco_text001_0166.wav,dylaco,yrk_dylaco.wav,train,"1,37",Run4,,,,,
yrk_dylaco_text001_0167.wav,dylaco,yrk_dylaco.wav,train,"1,63",Run4,,,,,
yrk_dylaco_text001_0168.wav,dylaco,yrk_dylaco.wav,train,"2,45",Run4,,,,,
yrk_dylaco_text001_0169.wav,dylaco,yrk_dylaco.wav,train,"2,16",Run4,,,,,
yrk_dylaco_text001_0170.wav,dylaco,yrk_dylaco.wav,train,"1,72",Run4,,,,,
yrk_dylaco_text001_0171.wav,dylaco,yrk_dylaco.wav,train,"3,27",Run4,,,,,
yrk_dylaco_text001_0172.wav,dylaco,yrk_dylaco.wav,train,"1,17",Run4,,,,,
yrk_dylaco_text001_0173.wav,dylaco,yrk_dylaco.wav,train,"1,99",Run4,,,,,
yrk_dylaco_text001_0174.wav,dylaco,yrk_dylaco.wav,train,"1,63",Run4,,,,,
yrk_dylaco_text001_0175.wav,dylaco,yrk_dylaco.wav,train,"1,57",Run4,,,,,
yrk_dylaco_text001_0176.wav,dylaco,yrk_dylaco.wav,train,"2,65",Run4,,,,,
yrk_dylaco_text001_0177.wav,dylaco,yrk_dylaco.wav,train,"3,55",Run4,,,,,
yrk_dylaco_text001_0178.wav,dylaco,yrk_dylaco.wav,train,"1,68",Run4,,,,,
yrk_dylaco_text001_0179.wav,dylaco,yrk_dylaco.wav,train,"2,13",Run4,,,,,
yrk_dylaco_text001_0180.wav,dylaco,yrk_dylaco.wav,train,"2,3",Run4,,,,,
yrk_dylaco_text001_0181.wav,dylaco,yrk_dylaco.wav,train,"0,92",Run4,,,,,
yrk_dylaco_text001_0182.wav,dylaco,yrk_dylaco.wav,train,"2,67",Run4,,,,,
yrk_dylaco_text001_0183.wav,dylaco,yrk_dylaco.wav,train,"1,47",Run4,,,,,
yrk_dylaco_text001_0184.wav,dylaco,yrk_dylaco.wav,train,"3,31",Run4,,,,,
yrk_dylaco_text001_0185.wav,dylaco,yrk_dylaco.wav,train,"1,66",Run4,,,,,
yrk_dylaco_text001_0186.wav,dylaco,yrk_dylaco.wav,train,"0,76",Run4,,,,,
yrk_dylaco_text001_0187.wav,dylaco,yrk_dylaco.wav,train,"1,6",Run4,,,,,
yrk_dylaco_text001_0188.wav,dylaco,yrk_dylaco.wav,train,"1,54",Run4,,,,,
yrk_dylaco_text001_0189.wav,dylaco,yrk_dylaco.wav,train,"0,57",Run4,,,,,
yrk_dylaco_text001_0190.wav,dylaco,yrk_dylaco.wav,train,"1,76",Run4,,,,,
yrk_dylaco_text001_0191.wav,dylaco,yrk_dylaco.wav,train,"2,29",Run4,,,,,
yrk_dylaco_text001_0192.wav,dylaco,yrk_dylaco.wav,train,"1,7",Run4,,,,,
yrk_dylaco_text001_0193.wav,dylaco,yrk_dylaco.wav,train,"0,57",Run4,,,,,
yrk_dylaco_text001_0194.wav,dylaco,yrk_dylaco.wav,train,"2,91",Run4,,,,,
yrk_dylaco_text001_0195.wav,dylaco,yrk_dylaco.wav,train,"1,18",Run4,,,,,
yrk_dylaco_text001_0196.wav,dylaco,yrk_dylaco.wav,train,"1,68",Run4,,,,,
yrk_dylaco_text001_0197.wav,dylaco,yrk_dylaco.wav,train,"2,13",Run4,,,,,
yrk_dylaco_text001_0198.wav,dylaco,yrk_dylaco.wav,train,"2,14",Run4,,,,,
yrk_dylaco_text001_0199.wav,dylaco,yrk_dylaco.wav,train,"3,49",Run4,,,,,
yrk_dylaco_text001_0200.wav,dylaco,yrk_dylaco.wav,train,"1,38",Run4,,,,,
yrk_dylaco_text001_0201.wav,dylaco,yrk_dylaco.wav,train,"1,13",Run4,,,,,
yrk_dylaco_text001_0202.wav,dylaco,yrk_dylaco.wav,train,"1,74",Run4,,,,,
yrk_dylaco_text001_0203.wav,dylaco,yrk_dylaco.wav,train,"0,88",Run4,,,,,
yrk_dylaco_text001_0204.wav,dylaco,yrk_dylaco.wav,train,"1,25",Run4,,,,,
yrk_dylaco_text001_0205.wav,dylaco,yrk_dylaco.wav,train,"1,57",Run4,,,,,
yrk_dylaco_text001_0206.wav,dylaco,yrk_dylaco.wav,train,"1,76",Run4,,,,,
yrk_dylaco_text001_0207.wav,dylaco,yrk_dylaco.wav,train,"2,09",Run4,,,,,
yrk_dylaco_text001_0208.wav,dylaco,yrk_dylaco.wav,train,"2,53",Run4,,,,,
yrk_dylaco_text001_0209.wav,dylaco,yrk_dylaco.wav,train,"2,37",Run4,,,,,
yrk_dylaco_text001_0210.wav,dylaco,yrk_dylaco.wav,train,"2,18",Run4,,,,,
yrk_dylaco_text001_0211.wav,dylaco,yrk_dylaco.wav,train,"3,23",Run4,,,,,
yrk_dylaco_text001_0212.wav,dylaco,yrk_dylaco.wav,train,"1,49",Run4,,,,,
yrk_dylaco_text001_0213.wav,dylaco,yrk_dylaco.wav,train,"1,25",Run4,,,,,
yrk_dylaco_text001_0214.wav,dylaco,yrk_dylaco.wav,train,"1,46",Run4,,,,,
yrk_dylaco_text001_0215.wav,dylaco,yrk_dylaco.wav,train,"0,83",Run4,,,,,
yrk_dylaco_text001_0216.wav,dylaco,yrk_dylaco.wav,train,"1,83",Run4,,,,,
yrk_dylaco_text001_0217.wav,dylaco,yrk_dylaco.wav,train,"4,13",Run4,,,,,
yrk_dylaco_text001_0218.wav,dylaco,yrk_dylaco.wav,train,"1,31",Run4,,,,,
yrk_dylaco_text001_0219.wav,dylaco,yrk_dylaco.wav,train,"1,82",Run4,,,,,
yrk_dylaco_text001_0220.wav,dylaco,yrk_dylaco.wav,train,"0,95",Run4,,,,,
yrk_dylaco_text001_0221.wav,dylaco,yrk_dylaco.wav,train,"1,07",Run4,,,,,
yrk_dylaco_text001_0222.wav,dylaco,yrk_dylaco.wav,train,"3,25",Run4,,,,,
yrk_dylaco_text001_0223.wav,dylaco,yrk_dylaco.wav,train,"2,6",Run4,,,,,
yrk_dylaco_text001_0224.wav,dylaco,yrk_dylaco.wav,train,"1,8",Run4,,,,,
yrk_dylaco_text001_0225.wav,dylaco,yrk_dylaco.wav,train,"1,39",Run4,,,,,
yrk_dylaco_text001_0226.wav,dylaco,yrk_dylaco.wav,train,"0,71",Run4,,,,,
yrk_dylaco_text001_0227.wav,dylaco,yrk_dylaco.wav,train,"2,78",Run4,,,,,
yrk_dylaco_text001_0228.wav,dylaco,yrk_dylaco.wav,train,"1,45",Run4,,,,,
yrk_dylaco_text001_0229.wav,dylaco,yrk_dylaco.wav,train,"0,95",Run4,,,,,
yrk_dylaco_text001_0230.wav,dylaco,yrk_dylaco.wav,train,"3,14",Run4,,,,,
yrk_dylaco_text001_0231.wav,dylaco,yrk_dylaco.wav,train,"2,38",Run4,,,,,
yrk_dylaco_text001_0232.wav,dylaco,yrk_dylaco.wav,train,"2,49",Run4,,,,,
yrk_dylaco_text001_0233.wav,dylaco,yrk_dylaco.wav,train,"1,06",Run4,,,,,
yrk_dylaco_text001_0234.wav,dylaco,yrk_dylaco.wav,train,"1,07",Run4,,,,,
yrk_dylaco_text001_0235.wav,dylaco,yrk_dylaco.wav,train,"1,46",Run4,,,,,
yrk_dylaco_text001_0236.wav,dylaco,yrk_dylaco.wav,train,"1,58",Run4,,,,,
yrk_dylaco_text001_0237.wav,dylaco,yrk_dylaco.wav,train,"2,07",Run4,,,,,
yrk_dylaco_text001_0238.wav,dylaco,yrk_dylaco.wav,train,"1,47",Run4,,,,,
yrk_dylaco_text001_0239.wav,dylaco,yrk_dylaco.wav,train,"1,47",Run4,,,,,
yrk_dylaco_text001_0240.wav,dylaco,yrk_dylaco.wav,train,"1,43",Run4,,,,,
yrk_dylaco_text001_0241.wav,dylaco,yrk_dylaco.wav,train,"3,15",Run4,,,,,
yrk_dylaco_text001_0242.wav,dylaco,yrk_dylaco.wav,train,"1,49",Run4,,,,,
yrk_dylaco_text001_0243.wav,dylaco,yrk_dylaco.wav,train,"0,8",Run4,,,,,
yrk_dylaco_text001_0244.wav,dylaco,yrk_dylaco.wav,train,"1,71",Run4,,,,,
yrk_dylaco_text001_0245.wav,dylaco,yrk_dylaco.wav,train,"1,78",Run4,,,,,
yrk_dylaco_text001_0246.wav,dylaco,yrk_dylaco.wav,train,"2,77",Run4,,,,,
yrk_dylaco_text001_0247.wav,dylaco,yrk_dylaco.wav,train,"2,13",Run4,,,,,
yrk_dylaco_text001_0248.wav,dylaco,yrk_dylaco.wav,train,"2,5",Run4,,,,,
yrk_dylaco_text001_0249.wav,dylaco,yrk_dylaco.wav,train,"1,54",Run4,,,,,
yrk_dylaco_text001_0250.wav,dylaco,yrk_dylaco.wav,train,"1,64",Run4,,,,,
yrk_dylaco_text001_0251.wav,dylaco,yrk_dylaco.wav,train,"2,34",Run4,,,,,
yrk_dylaco_text001_0252.wav,dylaco,yrk_dylaco.wav,train,"1,37",Run4,,,,,
yrk_dylaco_text001_0253.wav,dylaco,yrk_dylaco.wav,train,"1,59",Run4,,,,,
yrk_dylaco_text001_0254.wav,dylaco,yrk_dylaco.wav,train,"2,17",Run4,,,,,
yrk_dylaco_text001_0255.wav,dylaco,yrk_dylaco.wav,train,"1,84",Run4,,,,,
yrk_dylaco_text001_0256.wav,dylaco,yrk_dylaco.wav,train,"1,79",Run4,,,,,
yrk_dylaco_text001_0257.wav,dylaco,yrk_dylaco.wav,train,"2,35",Run4,,,,,
yrk_dylaco_text001_0258.wav,dylaco,yrk_dylaco.wav,train,"2,51",Run4,,,,,
yrk_dylaco_text001_0259.wav,dylaco,yrk_dylaco.wav,train,"2,58",Run4,,,,,
yrk_dylaco_text001_0260.wav,dylaco,yrk_dylaco.wav,train,"1,13",Run4,,,,,
yrk_dylaco_text001_0261.wav,dylaco,yrk_dylaco.wav,train,"1,55",Run4,,,,,
yrk_dylaco_text001_0262.wav,dylaco,yrk_dylaco.wav,train,"2,14",Run4,,,,,
yrk_dylaco_text001_0263.wav,dylaco,yrk_dylaco.wav,train,"2,55",Run4,,,,,
yrk_dylaco_text001_0264.wav,dylaco,yrk_dylaco.wav,train,"2,3",Run4,,,,,
yrk_dylaco_text001_0265.wav,dylaco,yrk_dylaco.wav,train,"2,95",Run4,,,,,
yrk_dylaco_text001_0266.wav,dylaco,yrk_dylaco.wav,train,"1,56",Run4,,,,,
yrk_dylaco_text001_0267.wav,dylaco,yrk_dylaco.wav,train,"3,51",Run4,,,,,
yrk_dylaco_text001_0268.wav,dylaco,yrk_dylaco.wav,train,"1,18",Run4,,,,,
yrk_dylaco_text001_0269.wav,dylaco,yrk_dylaco.wav,train,2,Run4,,,,,
yrk_dylaco_text001_0270.wav,dylaco,yrk_dylaco.wav,train,"4,16",Run4,,,,,
yrk_dylaco_text001_0271.wav,dylaco,yrk_dylaco.wav,train,"3,75",Run4,,,,,
yrk_dylaco_text001_0272.wav,dylaco,yrk_dylaco.wav,train,"2,47",Run4,,,,,
yrk_dylaco_text001_0273.wav,dylaco,yrk_dylaco.wav,train,"1,64",Run4,,,,,
yrk_dylaco_text001_0274.wav,dylaco,yrk_dylaco.wav,train,"2,27",Run4,,,,,
yrk_dylaco_text001_0275.wav,dylaco,yrk_dylaco.wav,train,"1,74",Run4,,,,,
yrk_dylaco_text001_0276.wav,dylaco,yrk_dylaco.wav,train,"2,37",Run4,,,,,
yrk_dylaco_text001_0277.wav,dylaco,yrk_dylaco.wav,train,"1,17",Run4,,,,,
yrk_dylaco_text001_0278.wav,dylaco,yrk_dylaco.wav,train,"2,38",Run4,,,,,
yrk_dylaco_text001_0279.wav,dylaco,yrk_dylaco.wav,train,"1,29",Run4,,,,,
yrk_dylaco_text001_0280.wav,dylaco,yrk_dylaco.wav,train,"4,5",Run4,,,,,
yrk_dylaco_text001_0281.wav,dylaco,yrk_dylaco.wav,train,"1,93",Run4,,,,,
yrk_dylaco_text001_0282.wav,dylaco,yrk_dylaco.wav,train,"1,6",Run4,,,,,
yrk_dylaco_text001_0283.wav,dylaco,yrk_dylaco.wav,train,"2,3",Run4,,,,,
yrk_dylaco_text001_0284.wav,dylaco,yrk_dylaco.wav,train,"2,93",Run4,,,,,
yrk_dylaco_text001_0285.wav,dylaco,yrk_dylaco.wav,train,"1,8",Run4,,,,,
yrk_dylaco_text001_0286.wav,dylaco,yrk_dylaco.wav,train,"1,83",Run4,,,,,
yrk_dylaco_text001_0287.wav,dylaco,yrk_dylaco.wav,train,"1,95",Run4,,,,,
yrk_dylaco_text001_0288.wav,dylaco,yrk_dylaco.wav,train,"2,83",Run4,,,,,
yrk_dylaco_text001_0289.wav,dylaco,yrk_dylaco.wav,train,"1,52",Run4,,,,,
yrk_dylaco_text001_0290.wav,dylaco,yrk_dylaco.wav,train,"2,71",Run4,,,,,
yrk_dylaco_text001_0291.wav,dylaco,yrk_dylaco.wav,train,"1,63",Run4,,,,,
yrk_dylaco_text001_0292.wav,dylaco,yrk_dylaco.wav,train,"1,75",Run4,,,,,
yrk_dylaco_text001_0293.wav,dylaco,yrk_dylaco.wav,train,"1,82",Run4,,,,,
yrk_dylaco_text001_0294.wav,dylaco,yrk_dylaco.wav,train,"2,61",Run4,,,,,
yrk_dylaco_text001_0295.wav,dylaco,yrk_dylaco.wav,train,"2,61",Run4,,,,,
yrk_dylaco_text001_0296.wav,dylaco,yrk_dylaco.wav,train,"1,18",Run4,,,,,
yrk_dylaco_text001_0297.wav,dylaco,yrk_dylaco.wav,train,"1,72",Run4,,,,,
yrk_dylaco_text001_0298.wav,dylaco,yrk_dylaco.wav,train,"1,84",Run4,,,,,
yrk_dylaco_text001_0299.wav,dylaco,yrk_dylaco.wav,train,"1,98",Run4,,,,,
yrk_dylaco_text001_0300.wav,dylaco,yrk_dylaco.wav,train,"1,63",Run4,,,,,
yrk_dylaco_text001_0301.wav,dylaco,yrk_dylaco.wav,train,"1,01",Run4,,,,,
yrk_dylaco_text001_0302.wav,dylaco,yrk_dylaco.wav,train,"1,47",Run4,,,,,
yrk_dylaco_text001_0303.wav,dylaco,yrk_dylaco.wav,train,"1,76",Run4,,,,,
yrk_dylaco_text001_0304.wav,dylaco,yrk_dylaco.wav,train,"3,19",Run4,,,,,
yrk_dylaco_text001_0305.wav,dylaco,yrk_dylaco.wav,train,"1,87",Run4,,,,,
yrk_dylaco_text001_0306.wav,dylaco,yrk_dylaco.wav,train,"1,13",Run4,,,,,
yrk_dylaco_text001_0307.wav,dylaco,yrk_dylaco.wav,train,"1,93",Run4,,,,,
yrk_dylaco_text001_0308.wav,dylaco,yrk_dylaco.wav,train,"1,39",Run4,,,,,
yrk_dylaco_text001_0309.wav,dylaco,yrk_dylaco.wav,train,"2,54",Run4,,,,,
yrk_dylaco_text001_0310.wav,dylaco,yrk_dylaco.wav,train,"1,79",Run4,,,,,
yrk_dylaco_text001_0311.wav,dylaco,yrk_dylaco.wav,train,"1,71",Run4,,,,,
yrk_dylaco_text001_0312.wav,dylaco,yrk_dylaco.wav,train,"0,43",Run4,,,,,
yrk_dylaco_text001_0313.wav,dylaco,yrk_dylaco.wav,train,"2,23",Run4,,,,,
yrk_dylaco_text001_0314.wav,dylaco,yrk_dylaco.wav,train,"0,58",Run4,,,,,
yrk_dylaco_text001_0315.wav,dylaco,yrk_dylaco.wav,train,"0,71",Run4,,,,,
yrk_dylaco_text001_0316.wav,dylaco,yrk_dylaco.wav,train,"0,9",Run4,,,,,
yrk_dylaco_text001_0317.wav,dylaco,yrk_dylaco.wav,train,"1,76",Run4,,,,,
yrk_dylaco_text001_0318.wav,dylaco,yrk_dylaco.wav,train,"1,21",Run4,,,,,
yrk_dylaco_text001_0319.wav,dylaco,yrk_dylaco.wav,train,"2,76",Run4,,,,,
yrk_dylaco_text001_0320.wav,dylaco,yrk_dylaco.wav,train,"0,75",Run4,,,,,
yrk_dylaco_text001_0321.wav,dylaco,yrk_dylaco.wav,train,"2,93",Run4,,,,,
yrk_dylaco_text001_0322.wav,dylaco,yrk_dylaco.wav,train,"1,45",Run4,,,,,
yrk_dylaco_text001_0323.wav,dylaco,yrk_dylaco.wav,train,"2,79",Run4,,,,,
yrk_dylaco_text001_0324.wav,dylaco,yrk_dylaco.wav,train,"1,1",Run4,,,,,
yrk_dylaco_text001_0325.wav,dylaco,yrk_dylaco.wav,train,"2,44",Run4,,,,,
yrk_dylaco_text001_0326.wav,dylaco,yrk_dylaco.wav,train,"3,7",Run4,,,,,
yrk_dylaco_text001_0327.wav,dylaco,yrk_dylaco.wav,train,"0,99",Run4,,,,,
yrk_dylaco_text001_0328.wav,dylaco,yrk_dylaco.wav,train,"2,59",Run4,,,,,
yrk_dylaco_text001_0329.wav,dylaco,yrk_dylaco.wav,train,2,Run4,,,,,
yrk_dylaco_text001_0330.wav,dylaco,yrk_dylaco.wav,train,"1,76",Run4,,,,,
yrk_dylaco_text001_0331.wav,dylaco,yrk_dylaco.wav,train,"2,14",Run4,,,,,
yrk_dylaco_text001_0332.wav,dylaco,yrk_dylaco.wav,train,"1,9",Run4,,,,,
yrk_dylaco_text001_0333.wav,dylaco,yrk_dylaco.wav,train,"0,65",Run4,,,,,
yrk_dylaco_text001_0334.wav,dylaco,yrk_dylaco.wav,train,2,Run4,,,,,
yrk_dylaco_text001_0335.wav,dylaco,yrk_dylaco.wav,train,"1,28",Run4,,,,,
yrk_dylaco_text001_0336.wav,dylaco,yrk_dylaco.wav,train,"1,95",Run4,,,,,
yrk_dylaco_text001_0337.wav,dylaco,yrk_dylaco.wav,train,"1,89",Run4,,,,,
yrk_dylaco_text001_0338.wav,dylaco,yrk_dylaco.wav,train,"1,53",Run4,,,,,
yrk_dylaco_text001_0339.wav,dylaco,yrk_dylaco.wav,train,"2,09",Run4,,,,,
yrk_dylaco_text001_0340.wav,dylaco,yrk_dylaco.wav,train,"2,25",Run4,,,,,
yrk_dylaco_text001_0341.wav,dylaco,yrk_dylaco.wav,train,"1,7",Run4,,,,,
yrk_dylaco_text001_0342.wav,dylaco,yrk_dylaco.wav,train,"3,09",Run4,,,,,
yrk_dylaco_text001_0343.wav,dylaco,yrk_dylaco.wav,train,"2,62",Run4,,,,,
yrk_dylaco_text001_0344.wav,dylaco,yrk_dylaco.wav,train,"2,06",Run4,,,,,
yrk_dylaco_text001_0345.wav,dylaco,yrk_dylaco.wav,train,"2,99",Run4,,,,,
yrk_dylaco_text001_0346.wav,dylaco,yrk_dylaco.wav,train,"1,07",Run4,,,,,
yrk_dylaco_text001_0347.wav,dylaco,yrk_dylaco.wav,train,"2,26",Run4,,,,,
yrk_dylaco_text001_0348.wav,dylaco,yrk_dylaco.wav,train,"0,9",Run4,,,,,
yrk_dylaco_text001_0349.wav,dylaco,yrk_dylaco.wav,train,"2,29",Run4,,,,,
yrk_dylaco_text001_0350.wav,dylaco,yrk_dylaco.wav,train,"2,4",Run4,,,,,
yrk_dylaco_text001_0351.wav,dylaco,yrk_dylaco.wav,train,"0,88",Run4,,,,,
yrk_dylaco_text001_0352.wav,dylaco,yrk_dylaco.wav,train,"1,35",Run4,,,,,
yrk_dylaco_text001_0353.wav,dylaco,yrk_dylaco.wav,train,"3,04",Run4,,,,,
yrk_dylaco_text001_0354.wav,dylaco,yrk_dylaco.wav,train,"1,28",Run4,,,,,
yrk_dylaco_text001_0355.wav,dylaco,yrk_dylaco.wav,train,"0,39",Run4,,,,,
yrk_thea_BusStop_001_seg001.wav,ThEA,yrk_thea_BusStop_001.wav,train,"0,95",Run2,,,,,
yrk_thea_BusStop_001_seg002.wav,ThEA,yrk_thea_BusStop_001.wav,train,"0,77",Run2,,,,,
yrk_thea_BusStop_001_seg003.wav,ThEA,yrk_thea_BusStop_001.wav,train,"1,17",Run2,,,,,
yrk_thea_BusStop_001_seg004.wav,ThEA,yrk_thea_BusStop_001.wav,train,"3,19",Run2,,,,,
yrk_thea_BusStop_001_seg005.wav,ThEA,yrk_thea_BusStop_001.wav,train,"7,31",Run2,,,,,
yrk_thea_BusStop_001_seg006.wav,ThEA,yrk_thea_BusStop_001.wav,train,"2,92",Run2,,,,,
yrk_thea_BusStop_001_seg007.wav,ThEA,yrk_thea_BusStop_001.wav,train,"5,5",Run2,,,,,
yrk_thea_BusStop_001_seg008.wav,ThEA,yrk_thea_BusStop_001.wav,train,"0,9",Run2,,,,,
yrk_thea_BusStop_001_seg009.wav,ThEA,yrk_thea_BusStop_001.wav,train,"1,04",Run2,,,,,
yrk_thea_BusStop_001_seg010.wav,ThEA,yrk_thea_BusStop_001.wav,train,"1,58",Run2,,,,,
yrk_thea_BusStop_001_seg011.wav,ThEA,yrk_thea_BusStop_001.wav,train,"4,6",Run2,,,,,
yrk_thea_BusStop_001_seg012.wav,ThEA,yrk_thea_BusStop_001.wav,train,"1,74",Run2,,,,,
yrk_thea_BusStop_001_seg013.wav,ThEA,yrk_thea_BusStop_001.wav,train,"4,95",Run2,,,,,
yrk_thea_BusStop_001_seg014.wav,ThEA,yrk_thea_BusStop_001.wav,train,"1,73",Run2,,,,,
yrk_thea_BusStop_001_seg015.wav,ThEA,yrk_thea_BusStop_001.wav,train,"4,72",Run2,,,,,
yrk_thea_BusStop_001_seg016.wav,ThEA,yrk_thea_BusStop_001.wav,train,"1,93",Run2,,,,,
yrk_thea_BusStop_001_seg017.wav,ThEA,yrk_thea_BusStop_001.wav,train,"3,84",Run2,,,,,
yrk_thea_BusStop_001_seg018.wav,ThEA,yrk_thea_BusStop_001.wav,train,"3,4",Run2,,,,,
yrk_thea_BusStop_001_seg019.wav,ThEA,yrk_thea_BusStop_001.wav,train,"2,66",Run2,,,,,
yrk_thea_BusStop_001_seg020.wav,ThEA,yrk_thea_BusStop_001.wav,train,"2,7",Run2,,,,,
yrk_thea_BusStop_001_seg021.wav,ThEA,yrk_thea_BusStop_001.wav,train,"1,52",Run2,,,,,
yrk_thea_BusStop_001_seg022.wav,ThEA,yrk_thea_BusStop_001.wav,train,"3,92",Run2,,,,,
yrk_thea_BusStop_001_seg023.wav,ThEA,yrk_thea_BusStop_001.wav,train,"1,74",Run2,,,,,
yrk_thea_BusStop_001_seg024.wav,ThEA,yrk_thea_BusStop_001.wav,train,"0,95",Run2,,,,,
yrk_thea_BusStop_002_seg001.wav,ThEA,yrk_thea_BusStop_002.wav,train,"0,62",Run2,,,,,
yrk_thea_BusStop_002_seg002.wav,ThEA,yrk_thea_BusStop_002.wav,train,"0,95",Run2,,,,,
yrk_thea_BusStop_002_seg003.wav,ThEA,yrk_thea_BusStop_002.wav,train,"1,41",Run2,,,,,
yrk_thea_BusStop_002_seg004.wav,ThEA,yrk_thea_BusStop_002.wav,train,"3,75",Run2,,,,,
yrk_thea_BusStop_002_seg005.wav,ThEA,yrk_thea_BusStop_002.wav,train,"6,3",Run2,,,,,
yrk_thea_BusStop_002_seg006.wav,ThEA,yrk_thea_BusStop_002.wav,train,"7,46",Run2,,,,,
yrk_thea_BusStop_002_seg007.wav,ThEA,yrk_thea_BusStop_002.wav,train,"6,56",Run2,,,,,
yrk_thea_BusStop_002_seg008.wav,ThEA,yrk_thea_BusStop_002.wav,train,"1,38",Run2,,,,,
yrk_thea_BusStop_002_seg009.wav,ThEA,yrk_thea_BusStop_002.wav,train,"0,79",Run2,,,,,
yrk_thea_BusStop_002_seg010.wav,ThEA,yrk_thea_BusStop_002.wav,train,"1,37",Run2,,,,,
yrk_thea_BusStop_002_seg011.wav,ThEA,yrk_thea_BusStop_002.wav,train,"4,24",Run2,,,,,
yrk_thea_BusStop_002_seg012.wav,ThEA,yrk_thea_BusStop_002.wav,train,"1,55",Run2,,,,,
yrk_thea_BusStop_002_seg013.wav,ThEA,yrk_thea_BusStop_002.wav,train,"5,88",Run2,,,,,
yrk_thea_BusStop_002_seg014.wav,ThEA,yrk_thea_BusStop_002.wav,train,"1,88",Run2,,,,,
yrk_thea_BusStop_002_seg015.wav,ThEA,yrk_thea_BusStop_002.wav,train,"4,82",Run2,,,,,
yrk_thea_BusStop_002_seg016.wav,ThEA,yrk_thea_BusStop_002.wav,train,"1,82",Run2,,,,,
yrk_thea_BusStop_002_seg017.wav,ThEA,yrk_thea_BusStop_002.wav,train,"3,48",Run2,,,,,
yrk_thea_BusStop_002_seg018.wav,ThEA,yrk_thea_BusStop_002.wav,train,"3,99",Run2,,,,,
yrk_thea_BusStop_002_seg019.wav,ThEA,yrk_thea_BusStop_002.wav,train,"2,27",Run2,,,,,
yrk_thea_BusStop_002_seg020.wav,ThEA,yrk_thea_BusStop_002.wav,train,"2,68",Run2,,,,,
yrk_thea_BusStop_002_seg021.wav,ThEA,yrk_thea_BusStop_002.wav,train,"1,57",Run2,,,,,
yrk_thea_Park_seg001.wav,ThEA,yrk_thea_Park.wav,train,"2,16",Run2,,,,,
yrk_thea_Park_seg002.wav,ThEA,yrk_thea_Park.wav,train,"1,34",Run2,,,,,
yrk_thea_Park_seg003.wav,ThEA,yrk_thea_Park.wav,train,"0,66",Run2,,,,,
yrk_thea_Park_seg004.wav,ThEA,yrk_thea_Park.wav,train,"3,02",Run2,,,,,
yrk_thea_Park_seg005.wav,ThEA,yrk_thea_Park.wav,train,"4,33",Run2,,,,,
yrk_thea_Park_seg006.wav,ThEA,yrk_thea_Park.wav,train,"0,49",Run2,,,,,
yrk_thea_Park_seg007.wav,ThEA,yrk_thea_Park.wav,train,"1,31",Run2,,,,,
yrk_thea_Park_seg008.wav,ThEA,yrk_thea_Park.wav,train,"3,02",Run2,,,,,
yrk_thea_Park_seg009.wav,ThEA,yrk_thea_Park.wav,train,"3,27",Run2,,,,,
yrk_thea_Park_seg010.wav,ThEA,yrk_thea_Park.wav,train,"2,28",Run2,,,,,
yrk_thea_Park_seg011.wav,ThEA,yrk_thea_Park.wav,train,"1,68",Run2,,,,,
yrk_thea_Park_seg012.wav,ThEA,yrk_thea_Park.wav,train,"4,64",Run2,,,,,
yrk_thea_Park_seg013.wav,ThEA,yrk_thea_Park.wav,train,"1,01",Run2,,,,,
yrk_thea_Park_seg014.wav,ThEA,yrk_thea_Park.wav,train,"1,45",Run2,,,,,
yrk_thea_Park_seg015.wav,ThEA,yrk_thea_Park.wav,train,"1,42",Run2,,,,,
yrk_thea_Park_seg016.wav,ThEA,yrk_thea_Park.wav,train,"1,05",Run2,,,,,
yrk_thea_Park_seg017.wav,ThEA,yrk_thea_Park.wav,train,"1,05",Run2,,,,,
yrk_thea_Park_seg018.wav,ThEA,yrk_thea_Park.wav,train,"2,07",Run2,,,,,